fecha,departamento,municipio,dia,hora,barrio,zona,clase_de_sitio,arma_empleada,movil_agresor,movil_victima,edad,sexo,estado_civil,pais_de_nacimiento,clase_de_empleado,profesion,escolaridad,codigo_dane,clase,marca,linea,modelo,color
2019-01-01,valle,cali (ct),martes,06:00:00,nueva floresta e12,urbana,vias publicas,llave maestra,a pie,a pie,31,femenino,union libre,colombia,empleado particular,no reportada,secundaria,76001000,motocicleta,yamaha,t115,2014,azul
2019-01-01,valle,cali (ct),martes,22:30:00,,urbana,vias publicas,llave maestra,a pie,a pie,29,femenino,soltero,colombia,empleado particular,no reportada,secundaria,76001000,motocicleta,akt,ak125 nkdr,2014,negro
2019-01-01,valle,cali (ct),martes,07:00:00,antonio narino e16,urbana,vias publicas,llave maestra,a pie,a pie,47,masculino,union libre,colombia,empleado particular,no reportada,secundaria,76001000,motocicleta,west,wbk 110,2010,rojo
2019-01-01,valle,cali (ct),martes,07:00:00,vallado e15,urbana,vias publicas,arma de fuego,pasajero motocicleta,conductor motocicleta,26,femenino,soltero,colombia,empleado particular,,secundaria,76001000,motocicleta,honda,eco deluxe,2018,negro
2019-01-02,valle,cali (ct),miercoles,19:00:00,san carlos e11,urbana,vias publicas,sin empleo de armas,a pie,a pie,26,masculino,soltero,colombia,empleado particular,,secundaria,76001000,motocicleta,victory,sin linea,2017,negro
2019-01-02,valle,cali (ct),miercoles,20:00:00,los naranjos i e14,urbana,vias publicas,arma de fuego,pasajero motocicleta,conductor vehiculo,43,femenino,soltero,colombia,empleado particular,no reportada,secundaria,76001000,motocicleta,akt,ak125 nkdr,2019,negro
2019-01-02,valle,cali (ct),miercoles,22:00:00,junin e9,urbana,vias publicas,arma de fuego,pasajero motocicleta,conductor motocicleta,22,masculino,union libre,colombia,empleado particular,no reportada,secundaria,76001000,motocicleta,akt,ak125 nkdr,2019,negro
2019-01-02,valle,cali (ct),miercoles,21:30:00,mariano ramos e16,urbana,vias publicas,arma de fuego,pasajero motocicleta,conductor motocicleta,39,femenino,casado,colombia,empleado particular,no reportada,secundaria,76001000,motocicleta,yamaha,yw125xfi,2018,gris
2019-01-02,valle,cali (ct),miercoles,22:30:00,la base e8,urbana,vias publicas,arma de fuego,a pie,conductor motocicleta,20,masculino,soltero,colombia,empleado particular,no reportada,secundaria,76001000,motocicleta,yamaha,115,2014,rojo
2019-01-02,valle,cali (ct),miercoles,18:00:00,san fernando nuevo e19,urbana,parqueadero,llave maestra,a pie,a pie,39,masculino,union libre,colombia,empleado particular,no reportada,secundaria,76001000,motocicleta,yamaha,rx 115 s,2005,negro
2019-01-03,valle,cali (ct),jueves,22:00:00,cristobal colon e10,urbana,vias publicas,arma de fuego,pasajero motocicleta,conductor motocicleta,25,masculino,union libre,colombia,empleado particular,no reportada,tecnico,76001000,motocicleta,yamaha,,2017,azul
2019-01-03,valle,cali (ct),jueves,21:30:00,el poblado i e13,urbana,vias publicas,arma de fuego,pasajero motocicleta,conductor motocicleta,24,femenino,soltero,colombia,independiente,,secundaria,76001000,motocicleta,yamaha,at 115,2015,negro
2019-01-03,valle,cali (ct),jueves,14:00:00,san pedro e3,urbana,vias publicas,sin empleo de armas,a pie,a pie,20,femenino,soltero,colombia,estudiante,,secundaria,76001000,motocicleta,yamaha,at 115,2011,negro grafito
2019-01-03,valle,cali (ct),jueves,08:00:00,ciudad cordoba e15,urbana,vias publicas,llave maestra,a pie,a pie,32,masculino,soltero,colombia,independiente,,secundaria,76001000,motocicleta,honda,xl 125,1995,rojo
2019-01-03,valle,cali (ct),jueves,07:30:00,las delicias e4,urbana,vias publicas,llave maestra,a pie,a pie,25,femenino,union libre,colombia,empleado particular,no reportada,tecnico,76001000,motocicleta,kymco,agility xtreme 125 lt,2015,blanco
2019-01-04,valle,cali (ct),viernes,19:00:00,san marino e7,urbana,vias publicas,arma de fuego,a pie,conductor motocicleta,43,masculino,union libre,colombia,empleado particular,no reportada,primaria,76001000,motocicleta,auteco,active 110,2007,negro
2019-01-04,valle,cali (ct),viernes,08:00:00,urbanizacion la merced e2,urbana,zona de parqueo,llave maestra,a pie,a pie,24,masculino,soltero,colombia,empleado particular,no reportada,secundaria,76001000,motocicleta,akt,ak125rl,2015,blanco
2019-01-04,valle,cali (ct),viernes,21:40:00,sector melendez e18,urbana,vias publicas,arma de fuego,a pie,conductor motocicleta,31,masculino,soltero,colombia,empleado particular,no reportada,tecnico,76001000,motocicleta,bajaj,boxer bm100 classic,2012,negro
2019-01-04,valle,cali (ct),viernes,21:45:00,cgto montebello e1,rural,vias publicas,arma de fuego,a pie,a pie,35,masculino,union libre,colombia,empleado particular,no reportada,secundaria,76001000,motocicleta,honda,cb 110,2016,negro
2019-01-04,valle,cali (ct),viernes,20:45:00,siete de agosto e7,urbana,vias publicas,arma de fuego,pasajero motocicleta,conductor motocicleta,28,femenino,soltero,colombia,empleado particular,no reportada,tecnico,76001000,motocicleta,yamaha,t115,2015,champana
2019-01-04,valle,cali (ct),viernes,22:05:00,los andes e5,urbana,vias publicas,arma de fuego,pasajero motocicleta,conductor motocicleta,40,femenino,union libre,colombia,empleado particular,no reportada,secundaria,76001000,motocicleta,honda,c100 wave ii,2010,negro
2019-01-05,valle,cali (ct),sabado,15:00:00,diamante e13,urbana,vias publicas,llave maestra,a pie,a pie,21,masculino,soltero,colombia,empleado particular,no reportada,tecnico,76001000,motocicleta,honda,cb 110,2017,azul
2019-01-05,valle,cali (ct),sabado,11:00:00,los pinos e7,urbana,vias publicas,arma de fuego,pasajero motocicleta,conductor motocicleta,46,masculino,union libre,colombia,independiente,,secundaria,76001000,motocicleta,yamaha,t115,2017,negro
2019-01-05,valle,cali (ct),sabado,11:00:00,urb. santa elena e18,urbana,vias publicas,llave maestra,a pie,a pie,26,femenino,soltero,colombia,empleado particular,no reportada,secundaria,76001000,motocicleta,honda,wave 110,2016,negro
2019-01-05,valle,cali (ct),sabado,18:00:00,san pedro e3,urbana,vias publicas,llave maestra,a pie,a pie,36,masculino,union libre,colombia,empleado particular,,secundaria,76001000,motocicleta,akt,ak 110,2006,amarillo
2019-01-05,valle,cali (ct),sabado,00:30:00,ciudad cordoba e15,urbana,vias publicas,arma de fuego,pasajero motocicleta,a pie,23,masculino,soltero,colombia,empleado particular,no reportada,secundaria,76001000,motocicleta,yamaha,xtz 125,2019,blanco
2019-01-05,valle,cali (ct),sabado,23:10:00,santa rosa e3,urbana,vias publicas,arma de fuego,a pie,conductor motocicleta,19,masculino,soltero,colombia,empleado particular,no reportada,secundaria,76001000,motocicleta,yamaha,,2018,negro
2019-01-06,valle,cali (ct),domingo,19:00:00,san fernando nuevo e19,urbana,vias publicas,llave maestra,a pie,a pie,36,masculino,union libre,colombia,empleado particular,no reportada,secundaria,76001000,motocicleta,honda,eco 100,2015,rojo
2019-01-06,valle,cali (ct),domingo,20:30:00,manuela beltran e14,urbana,vias publicas,arma de fuego,a pie,conductor motocicleta,28,femenino,soltero,colombia,empleado particular,no reportada,tecnico,76001000,motocicleta,honda,c 100 wave ii actitud,2013,blanco
2019-01-06,valle,cali (ct),domingo,10:00:00,ciudadela del rio e21,urbana,vias publicas,llave maestra,a pie,a pie,48,femenino,soltero,colombia,empleado particular,no reportada,primaria,76001000,motocicleta,akt,ak125wii,2015,blanco
2019-01-06,valle,cali (ct),domingo,05:00:00,valle grande e21,urbana,vias publicas,arma de fuego,conductor motocicleta,conductor motocicleta,25,femenino,union libre,venezuela,empleado particular,no reportada,secundaria,76001000,motocicleta,akt,ak125wii,2019,negro
2019-01-06,valle,cali (ct),domingo,23:45:00,calimio desepaz e21,urbana,vias publicas,llave maestra,a pie,a pie,41,masculino,soltero,colombia,empleado particular,,secundaria,76001000,motocicleta,auteco,pulsar 180,2006,negro grafito
2019-01-07,valle,cali (ct),lunes,02:00:00,desepaz invicali e21,urbana,vias publicas,llave maestra,a pie,a pie,42,masculino,union libre,colombia,empleado particular,no reportada,primaria,76001000,motocicleta,honda,eco 100,2007,negro
2019-01-07,valle,cali (ct),lunes,07:00:00,guayaquil e9,urbana,vias publicas,llave maestra,a pie,a pie,32,masculino,union libre,colombia,empleado policial,tecnico profesional en servicio de policia,tecnico,76001000,motocicleta,honda,c 100 wave ii actitud,2014,negro
2019-01-07,valle,cali (ct),lunes,07:00:00,villa del lago e13,urbana,vias publicas,llave maestra,a pie,a pie,28,masculino,soltero,colombia,empleado particular,no reportada,secundaria,76001000,motocicleta,yamaha,,2016,negro
2019-01-07,valle,cali (ct),lunes,00:25:00,benjamin herrera e8,urbana,vias publicas,llave maestra,a pie,a pie,64,masculino,union libre,colombia,empleado particular,no reportada,primaria,76001000,motocicleta,akt,ak 100s,2007,gris
2019-01-07,valle,cali (ct),lunes,03:40:00,republica israel e16,urbana,vias publicas,llave maestra,a pie,a pie,26,masculino,soltero,colombia,empleado particular,,secundaria,76001000,motocicleta,yamaha,xtz125e,2016,negro
2019-01-07,valle,cali (ct),lunes,21:14:00,siloe e20,urbana,vias publicas,arma de fuego,pasajero motocicleta,conductor motocicleta,30,masculino,soltero,colombia,independiente,,secundaria,76001000,motocicleta,yamaha,t115,2015,blanco y verde
2019-01-08,valle,cali (ct),martes,20:00:00,el troncal e8,urbana,vias publicas,arma de fuego,pasajero motocicleta,conductor motocicleta,44,masculino,soltero,colombia,empleado particular,,secundaria,76001000,motocicleta,hero,eco deluxe,2019,negro grafito
2019-01-08,valle,cali (ct),martes,02:00:00,jose holguin garces e11,urbana,vias publicas,llave maestra,a pie,a pie,21,masculino,soltero,colombia,empleado particular,no reportada,secundaria,76001000,motocicleta,honda,splendor,2011,negro
2019-01-08,valle,cali (ct),martes,22:30:00,mariano ramos e16,urbana,vias publicas,arma de fuego,pasajero motocicleta,conductor motocicleta,41,masculino,union libre,colombia,empleado particular,no reportada,secundaria,76001000,motocicleta,honda,cb 110,2017,negro
2019-01-08,valle,cali (ct),martes,07:00:00,san cristobal e10,urbana,vias publicas,llave maestra,a pie,a pie,26,masculino,union libre,colombia,empleado particular,no reportada,secundaria,76001000,motocicleta,akt,ak150rsii,2015,blanco
2019-01-08,valle,cali (ct),martes,20:20:00,alirio mora beltran e14,urbana,vias publicas,arma de fuego,pasajero motocicleta,conductor motocicleta,32,masculino,soltero,colombia,empleado particular,,secundaria,76001000,motocicleta,akt,ak 125,2019,negro
2019-01-08,valle,cali (ct),martes,19:50:00,potrero grande e21,urbana,vias publicas,llave maestra,a pie,a pie,18,masculino,union libre,colombia,independiente,,secundaria,76001000,motocicleta,akt,,2013,negro
2019-01-09,valle,cali (ct),miercoles,22:00:00,colseguros andes e10,urbana,vias publicas,arma de fuego,pasajero vehiculo,a pie,50,masculino,soltero,colombia,empleado particular,no reportada,secundaria,76001000,motocicleta,yamaha,rx 115 s,2006,negro
2019-01-09,valle,cali (ct),miercoles,22:00:00,compartir e21,urbana,vias publicas,arma de fuego,pasajero motocicleta,conductor motocicleta,26,masculino,union libre,colombia,empleado particular,no reportada,superior,76001000,motocicleta,akt,ak125 nkdr,2018,negro
2019-01-09,valle,cali (ct),miercoles,06:00:00,,urbana,vias publicas,arma de fuego,pasajero motocicleta,conductor motocicleta,21,femenino,soltero,colombia,empleado particular,no reportada,secundaria,76001000,motocicleta,hero,eco deluxe,2018,negro
2019-01-09,valle,cali (ct),miercoles,09:00:00,el gran limonar e17,urbana,vias publicas,arma de fuego,a pie,conductor motocicleta,23,masculino,soltero,colombia,empleado particular,no reportada,tecnico,76001000,motocicleta,hero,eco deluxe,2017,negro
2019-01-09,valle,cali (ct),miercoles,11:30:00,potrero grande e21,urbana,vias publicas,llave maestra,a pie,a pie,58,masculino,casado,colombia,empleado particular,no reportada,secundaria,76001000,motocicleta,akt,ak 125,2009,negro
2019-01-09,valle,cali (ct),miercoles,12:40:00,san juan bosco e3,urbana,vias publicas,arma de fuego,a pie,a pie,23,masculino,union libre,colombia,empleado particular,no reportada,secundaria,76001000,motocicleta,suzuki,viva 115,2015,negro
2019-01-10,valle,cali (ct),jueves,20:30:00,alto jordan e18,urbana,vias publicas,arma de fuego,a pie,conductor motocicleta,20,masculino,soltero,colombia,empleado particular,no reportada,secundaria,76001000,motocicleta,honda,splendor nxg,2013,negro
2019-01-10,valle,cali (ct),jueves,13:00:00,la alborada e16,urbana,vias publicas,llave maestra,a pie,a pie,19,masculino,soltero,colombia,independiente,no reportada,secundaria,76001000,motocicleta,yamaha,xtz 125,2018,azul
2019-01-10,valle,cali (ct),jueves,16:30:00,ciudad cordoba e15,urbana,vias publicas,llave maestra,a pie,a pie,34,masculino,soltero,colombia,empleado particular,no reportada,primaria,76001000,motocicleta,suzuki,best 125,2015,rojo
2019-01-10,valle,cali (ct),jueves,21:40:00,santa elena e10,urbana,vias publicas,arma de fuego,pasajero motocicleta,a pie,43,masculino,casado,colombia,empleado particular,no reportada,tecnico,76001000,motocicleta,bajaj,pulsar 200 ns,2015,negro
2019-01-10,valle,cali (ct),jueves,21:20:00,el jardin e11,urbana,vias publicas,arma de fuego,pasajero motocicleta,conductor motocicleta,29,femenino,soltero,colombia,independiente,,secundaria,76001000,motocicleta,akt,ak125wii,2017,blanco
2019-01-11,valle,cali (ct),viernes,22:00:00,la esmeralda e4,urbana,vias publicas,llave maestra,a pie,a pie,24,masculino,soltero,colombia,empleado particular,trabajo social,superior,76001000,motocicleta,honda,c100,2013,negro
2019-01-11,valle,cali (ct),viernes,11:00:00,el nacional e3,urbana,vias publicas,arma de fuego,pasajero motocicleta,conductor motocicleta,20,masculino,soltero,colombia,empleado particular,no reportada,secundaria,76001000,motocicleta,yamaha,rx 115,1998,negro
2019-01-11,valle,cali (ct),viernes,18:30:00,los lideres e21,urbana,vias publicas,arma de fuego,a pie,a pie,22,femenino,soltero,colombia,empleado particular,no reportada,secundaria,76001000,motocicleta,akt,ak125 nkdr,2019,negro
2019-01-11,valle,cali (ct),viernes,22:30:00,cgto la fonda e18,rural,carretera,arma de fuego,pasajero motocicleta,conductor motocicleta,33,masculino,soltero,colombia,empleado particular,no reportada,secundaria,76001000,motocicleta,honda,wave 110,2016,negro
2019-01-11,valle,cali (ct),viernes,13:30:00,el jordan e18,urbana,vias publicas,llave maestra,a pie,a pie,25,masculino,soltero,colombia,empleado particular,no reportada,secundaria,76001000,motocicleta,bajaj,discover 100m,2015,negro
2019-01-11,valle,cali (ct),viernes,19:20:00,20 de julio e11,urbana,vias publicas,arma de fuego,pasajero motocicleta,conductor motocicleta,44,masculino,union libre,colombia,empleado particular,no reportada,secundaria,76001000,motocicleta,yamaha,yw125xfi,2017,negro
2019-01-12,valle,cali (ct),sabado,04:00:00,el jordan e18,urbana,vias publicas,llave maestra,a pie,a pie,46,femenino,soltero,colombia,empleado particular,,secundaria,76001000,motocicleta,yamaha,xtz125,2016,negro
2019-01-12,valle,cali (ct),sabado,09:30:00,cgto la reforma e19,rural,carretera,arma blanca / cortopunzante,pasajero motocicleta,conductor motocicleta,41,femenino,casado,colombia,empleado particular,no reportada,tecnico,76001000,motocicleta,suzuki,viva r 115 style,2017,negro
2019-01-12,valle,cali (ct),sabado,09:30:00,mariano ramos e16,urbana,vias publicas,sin empleo de armas,a pie,a pie,21,masculino,union libre,colombia,empleado particular,no reportada,secundaria,76001000,motocicleta,akt,ak150 rs,2014,negro
2019-01-13,valle,cali (ct),domingo,22:00:00,vipasa e2,urbana,vias publicas,llave maestra,a pie,conductor motocicleta,28,masculino,union libre,colombia,empleado particular,no reportada,superior,76001000,motocicleta,honda,cbf 150,2014,negro
2019-01-13,valle,cali (ct),domingo,05:00:00,versalles e2,urbana,vias publicas,llave maestra,a pie,a pie,57,masculino,casado,colombia,empleado particular,no reportada,secundaria,76001000,motocicleta,jialing,jh 125 16,2009,negro
2019-01-13,valle,cali (ct),domingo,02:30:00,san cayetano e3,urbana,vias publicas,llave maestra,a pie,a pie,25,masculino,soltero,colombia,empleado particular,no reportada,tecnico,76001000,motocicleta,bajaj,pulsar 200 ns,2014,amarillo
2019-01-14,valle,cali (ct),lunes,19:30:00,cgto la reforma e19,rural,vias publicas,arma de fuego,pasajero motocicleta,conductor motocicleta,32,femenino,soltero,colombia,empleado particular,,secundaria,76001000,motocicleta,yamaha,t115,2015,champana
2019-01-14,valle,cali (ct),lunes,21:00:00,la independencia e11,urbana,vias publicas,arma de fuego,conductor motocicleta,conductor motocicleta,21,masculino,soltero,colombia,independiente,,secundaria,76001000,motocicleta,suzuki,viva r 115,2019,blanco
2019-01-14,valle,cali (ct),lunes,21:00:00,santander e4,urbana,vias publicas,arma de fuego,pasajero motocicleta,conductor motocicleta,25,masculino,union libre,colombia,independiente,,secundaria,76001000,motocicleta,yamaha,t115,2015,negro
2019-01-14,valle,cali (ct),lunes,09:30:00,san vicente e2,urbana,vias publicas,llave maestra,a pie,a pie,66,masculino,casado,colombia,empleado particular,no reportada,primaria,76001000,motocicleta,honda,eco 100,2004,rojo
2019-01-14,valle,cali (ct),lunes,16:40:00,morichal de comfandi e15,urbana,vias publicas,arma de fuego,pasajero motocicleta,conductor motocicleta,29,femenino,soltero,colombia,independiente,,secundaria,76001000,motocicleta,tvs,tvs sport,2019,negro
2019-01-15,valle,cali (ct),martes,10:00:00,alto napoles e18,urbana,vias publicas,arma de fuego,pasajero motocicleta,conductor motocicleta,27,masculino,soltero,colombia,empleado particular,no reportada,secundaria,76001000,motocicleta,honda,sin linea,2006,azul
2019-01-15,valle,cali (ct),martes,10:00:00,el trebol e8,urbana,vias publicas,llave maestra,a pie,a pie,22,femenino,soltero,colombia,empleado particular,no reportada,superior,76001000,motocicleta,tvs,tvs rockz,2018,rojo
2019-01-15,valle,cali (ct),martes,23:30:00,el jardin e11,urbana,vias publicas,arma de fuego,a pie,a pie,19,masculino,soltero,colombia,empleado particular,no reportada,secundaria,76001000,motocicleta,akt,ak125 nkdr,2019,blanco
2019-01-15,valle,cali (ct),martes,23:40:00,union de vivienda popular e16,urbana,vias publicas,arma de fuego,pasajero motocicleta,conductor motocicleta,25,femenino,soltero,colombia,empleado particular,tecnico dental,tecnico,76001000,motocicleta,suzuki,viva r 115 cool,2018,rojo
2019-01-15,valle,cali (ct),martes,05:25:00,lleras camargo e20,urbana,vias publicas,arma blanca / cortopunzante,pasajero motocicleta,conductor motocicleta,28,femenino,soltero,colombia,independiente,,secundaria,76001000,motocicleta,suzuki,viva r 115,2015,azul
2019-01-15,valle,cali (ct),martes,07:11:00,los comuneros ii e13,urbana,vias publicas,llave maestra,a pie,a pie,59,masculino,soltero,colombia,empleado particular,no reportada,secundaria,76001000,motocicleta,yamaha,115,2015,champana
2019-01-16,valle,cali (ct),miercoles,19:45:00,calima e4,urbana,vias publicas,arma de fuego,a pie,a pie,22,masculino,soltero,colombia,estudiante,,secundaria,76001000,motocicleta,suzuki,viva r 115,2017,negro
2019-01-16,valle,cali (ct),miercoles,14:45:00,ciudad cordoba e15,urbana,vias publicas,arma de fuego,pasajero motocicleta,conductor motocicleta,23,femenino,union libre,colombia,ama de casa,no reportada,secundaria,76001000,motocicleta,yamaha,yw125xfi,2019,negro
2019-01-16,valle,cali (ct),miercoles,16:15:00,la floresta e8,urbana,vias publicas,arma de fuego,a pie,a pie,23,masculino,soltero,colombia,empleado particular,no reportada,tecnico,76001000,motocicleta,suzuki,viva r 115,2015,blanco
2019-01-16,valle,cali (ct),miercoles,05:05:00,urb. santa elena e18,urbana,casas de habitacion,llave maestra,a pie,a pie,36,femenino,union libre,colombia,empleado particular,no reportada,tecnico,76001000,motocicleta,suzuki,viva r 115 cool,2015,negro
2019-01-17,valle,cali (ct),jueves,20:00:00,calimio desepaz e21,urbana,vias publicas,arma de fuego,a pie,a pie,25,masculino,soltero,colombia,empleado particular,no reportada,secundaria,76001000,motocicleta,yamaha,xtz250,2014,negro
2019-01-17,valle,cali (ct),jueves,20:00:00,san pedro claver e11,urbana,vias publicas,arma de fuego,conductor motocicleta,conductor motocicleta,42,femenino,soltero,colombia,empleado particular,no reportada,secundaria,76001000,motocicleta,akt,ak110 nv,2015,blanco
2019-01-17,valle,cali (ct),jueves,19:30:00,urb. santa elena e18,urbana,vias publicas,arma de fuego,conductor motocicleta,conductor motocicleta,38,masculino,union libre,colombia,empleado particular,no reportada,secundaria,76001000,motocicleta,tvs,tvs star sport 100,2014,negro
2019-01-17,valle,cali (ct),jueves,21:00:00,chapinero e8,urbana,vias publicas,llave maestra,a pie,a pie,22,masculino,soltero,colombia,empleado particular,,secundaria,76001000,motocicleta,yamaha,,1994,negro
2019-01-17,valle,cali (ct),jueves,22:00:00,alto jordan e18,urbana,,llave maestra,a pie,a pie,29,masculino,casado,colombia,empleado particular,no reportada,secundaria,76001000,motocicleta,honda,cb 1,2013,azul
2019-01-17,valle,cali (ct),jueves,15:00:00,prados de oriente e11,urbana,vias publicas,arma de fuego,pasajero motocicleta,conductor motocicleta,32,femenino,soltero,colombia,independiente,derecho y ciencias economica,superior,76001000,motocicleta,akt,ak 125 w,2014,negro
2019-01-17,valle,cali (ct),jueves,23:30:00,promociones populares e14,urbana,vias publicas,llave maestra,a pie,a pie,38,femenino,casado,colombia,empleado particular,,secundaria,76001000,motocicleta,yamaha,,1997,violeta
2019-01-17,valle,cali (ct),jueves,16:30:00,el rodeo e12,urbana,vias publicas,arma de fuego,a pie,conductor motocicleta,48,masculino,union libre,colombia,empleado particular,,secundaria,76001000,motocicleta,yamaha,yw125,2018,
2019-01-17,valle,cali (ct),jueves,07:30:00,san cristobal e10,urbana,vias publicas,llave maestra,a pie,a pie,46,masculino,union libre,colombia,independiente,no reportada,primaria,76001000,motocicleta,akt,ak 150tt,2013,blanco
2019-01-17,valle,cali (ct),jueves,14:45:00,municipal e8,urbana,vias publicas,arma de fuego,pasajero motocicleta,a pie,37,masculino,union libre,colombia,independiente,trazo y corte,superior,76001000,motocicleta,yamaha,yw125xfi,2018,azul
2019-01-17,valle,cali (ct),jueves,20:52:00,san luis ii e6,urbana,vias publicas,arma de fuego,pasajero motocicleta,conductor motocicleta,29,femenino,soltero,colombia,empleado particular,no reportada,superior,76001000,motocicleta,suzuki,viva r 115 cool,2017,blanco
2019-01-18,valle,cali (ct),viernes,09:00:00,la isla e4,urbana,vias publicas,arma de fuego,a pie,conductor motocicleta,25,masculino,soltero,colombia,empleado particular,no reportada,secundaria,76001000,motocicleta,bajaj,boxer,2019,gris
2019-01-18,valle,cali (ct),viernes,04:00:00,leon xiii e11,urbana,vias publicas,arma de fuego,a pie,a pie,55,masculino,soltero,colombia,empleado particular,no reportada,primaria,76001000,motocicleta,yamaha,ybr125dx,2010,plata
2019-01-18,valle,cali (ct),viernes,23:30:00,ciudad de los alamos e2,urbana,vias publicas,arma de fuego,pasajero motocicleta,conductor motocicleta,17,masculino,soltero,colombia,estudiante,,secundaria,76001000,motocicleta,yamaha,,2006,azul
2019-01-18,valle,cali (ct),viernes,07:30:00,,urbana,vias publicas,llave maestra,a pie,a pie,31,masculino,soltero,colombia,empleado particular,,secundaria,76001000,motocicleta,suzuki,viva r 115,2012,rojo
2019-01-18,valle,cali (ct),viernes,11:10:00,la fortaleza e11,urbana,,arma de fuego,pasajero motocicleta,a pie,27,masculino,union libre,colombia,comerciante,,secundaria,76001000,motocicleta,auteco bajaj,bajaj plus classic 150,2019,negro
2019-01-18,valle,cali (ct),viernes,09:40:00,guayaquil e9,urbana,vias publicas,arma de fuego,pasajero motocicleta,conductor motocicleta,25,masculino,union libre,colombia,empleado particular,no reportada,tecnico,76001000,motocicleta,yamaha,t115,2017,negro
2019-01-19,valle,cali (ct),sabado,20:30:00,torres de confandi e5,urbana,vias publicas,arma de fuego,pasajero motocicleta,conductor motocicleta,25,masculino,soltero,colombia,independiente,no reportada,tecnico,76001000,motocicleta,yamaha,t115,2015,negro
2019-01-19,valle,cali (ct),sabado,15:00:00,siloe e20,urbana,vias publicas,arma de fuego,pasajero motocicleta,conductor motocicleta,29,masculino,soltero,colombia,independiente,,secundaria,76001000,motocicleta,yamaha,t115,2013,negro
2019-01-19,valle,cali (ct),sabado,23:00:00,calima e4,urbana,vias publicas,arma de fuego,a pie,conductor motocicleta,30,femenino,soltero,colombia,empleado particular,no reportada,secundaria,76001000,motocicleta,yamaha,yw125xfi,2018,negro
2019-01-19,valle,cali (ct),sabado,21:40:00,el guabal e10,urbana,vias publicas,llave maestra,a pie,a pie,22,masculino,soltero,colombia,empleado particular,no reportada,secundaria,76001000,motocicleta,honda,dream neo,2017,negro
2019-01-19,valle,cali (ct),sabado,17:20:00,san fernando viejo e19,urbana,vias publicas,llave maestra,a pie,a pie,32,masculino,soltero,colombia,empleado particular,,secundaria,76001000,motocicleta,bajaj,boxer,2006,azul
2019-01-20,valle,cali (ct),domingo,21:30:00,san antonio e3,urbana,vias publicas,arma de fuego,pasajero motocicleta,conductor motocicleta,27,masculino,union libre,colombia,empleado particular,no reportada,secundaria,76001000,motocicleta,yamaha,xtz 125,2016,azul
2019-01-20,valle,cali (ct),domingo,15:00:00,ciudad cordoba e15,urbana,,llave maestra,a pie,a pie,25,femenino,soltero,colombia,independiente,,primaria,76001000,motocicleta,tongko,,2011,rojo
2019-01-20,valle,cali (ct),domingo,04:00:00,belisario caicedo e20,urbana,vias publicas,llave maestra,a pie,a pie,21,masculino,soltero,colombia,empleado particular,no reportada,tecnico,76001000,motocicleta,auteco bajaj,boxer 100 ct,2008,azul
2019-01-20,valle,cali (ct),domingo,12:15:00,guayaquil e9,urbana,vias publicas,arma de fuego,pasajero motocicleta,conductor motocicleta,28,masculino,soltero,colombia,empleado particular,no reportada,tecnico,76001000,motocicleta,akt,,2019,negro
2019-01-21,valle,cali (ct),lunes,20:00:00,siloe e20,urbana,vias publicas,arma blanca / cortopunzante,a pie,conductor motocicleta,23,masculino,casado,colombia,empleado particular,no reportada,secundaria,76001000,motocicleta,hero,thriller,2017,negro
2019-01-21,valle,cali (ct),lunes,21:00:00,el ingenio e17,urbana,vias publicas,arma de fuego,a pie,conductor motocicleta,23,masculino,union libre,colombia,empleado particular,no reportada,secundaria,76001000,motocicleta,honda,cb 110,2019,negro
2019-01-21,valle,cali (ct),lunes,22:00:00,belen e20,urbana,vias publicas,arma de fuego,pasajero motocicleta,conductor motocicleta,38,masculino,soltero,colombia,empleado particular,no reportada,secundaria,76001000,motocicleta,yamaha,yw125xfi,2018,azul
2019-01-21,valle,cali (ct),lunes,20:30:00,el jardin e11,urbana,vias publicas,arma de fuego,pasajero motocicleta,a pie,32,masculino,soltero,colombia,empleado particular,no reportada,secundaria,76001000,motocicleta,yamaha,t115,2015,azul
2019-01-21,valle,cali (ct),lunes,14:00:00,san nicolas e3,urbana,vias publicas,escopolamina,a pie,conductor motocicleta,45,femenino,soltero,colombia,empleado particular,,secundaria,76001000,motocicleta,akt,ak125wii,2016,negro
2019-01-21,valle,cali (ct),lunes,23:30:00,paso del comercio e6,urbana,vias publicas,llave maestra,a pie,a pie,21,masculino,soltero,colombia,empleado particular,no reportada,tecnico,76001000,motocicleta,yamaha,t115,2014,azul
2019-01-21,valle,cali (ct),lunes,00:30:00,vista hermosa e1,urbana,vias publicas,arma de fuego,pasajero motocicleta,conductor motocicleta,22,masculino,soltero,colombia,empleado particular,,secundaria,76001000,motocicleta,yamaha,,1997,blanco
2019-01-21,valle,cali (ct),lunes,00:30:00,vista hermosa e1,urbana,vias publicas,arma de fuego,pasajero motocicleta,conductor motocicleta,42,femenino,divorciado,colombia,empleado particular,no reportada,secundaria,76001000,motocicleta,yamaha,,2019,negro
2019-01-21,valle,cali (ct),lunes,04:30:00,alfonso b. aragon e14,urbana,vias publicas,arma blanca / cortopunzante,a pie,conductor motocicleta,34,femenino,union libre,colombia,empleado particular,no reportada,secundaria,76001000,motocicleta,suzuki,viva r 115,2013,negro
2019-01-21,valle,cali (ct),lunes,21:40:00,san joaquin e17,urbana,vias publicas,arma de fuego,pasajero motocicleta,conductor motocicleta,24,femenino,soltero,colombia,empleado particular,no reportada,tecnico,76001000,motocicleta,suzuki,viva r 115 style,2018,negro
2019-01-22,valle,cali (ct),martes,20:00:00,alto jordan e18,urbana,vias publicas,arma de fuego,pasajero motocicleta,conductor motocicleta,52,masculino,soltero,colombia,empleado particular,,secundaria,76001000,motocicleta,auteco bajaj,boxer ct,2017,negro
2019-01-22,valle,cali (ct),martes,20:30:00,alto jordan e18,urbana,vias publicas,arma de fuego,pasajero motocicleta,a pie,31,masculino,soltero,colombia,empleado particular,,secundaria,76001000,motocicleta,akt,ak 125,2019,negro
2019-01-22,valle,cali (ct),martes,06:00:00,cgto las palmas e1,rural,vias publicas,llave maestra,a pie,a pie,24,masculino,union libre,colombia,empleado particular,no reportada,tecnico,76001000,motocicleta,honda,cb 100,2015,azul
2019-01-22,valle,cali (ct),martes,14:30:00,prados del norte e2,urbana,vias publicas,arma de fuego,pasajero motocicleta,conductor motocicleta,31,masculino,casado,colombia,empleado particular,no reportada,secundaria,76001000,motocicleta,akt,ak 100,2012,negro
2019-01-22,valle,cali (ct),martes,16:30:00,caldas e18,urbana,vias publicas,arma de fuego,a pie,conductor motocicleta,35,masculino,union libre,colombia,empleado particular,,secundaria,76001000,motocicleta,hero,eco deluxe,2019,azul
2019-01-23,valle,cali (ct),miercoles,21:30:00,santa isabel e19,urbana,vias publicas,arma de fuego,pasajero motocicleta,conductor motocicleta,24,masculino,soltero,colombia,empleado particular,,secundaria,76001000,motocicleta,yamaha,,1990,negro
2019-01-23,valle,cali (ct),miercoles,10:00:00,caldas e18,urbana,vias publicas,arma de fuego,pasajero motocicleta,a pie,20,masculino,union libre,colombia,empleado particular,no reportada,primaria,76001000,motocicleta,kymco,agility,2017,negro
2019-01-23,valle,cali (ct),miercoles,22:30:00,republica israel e16,urbana,vias publicas,arma de fuego,pasajero motocicleta,conductor motocicleta,35,masculino,casado,colombia,empleado particular,no reportada,secundaria,76001000,motocicleta,yamaha,sin linea,1995,negro
2019-01-23,valle,cali (ct),miercoles,13:00:00,mojica e15,urbana,vias publicas,arma de fuego,a pie,a pie,35,masculino,union libre,colombia,desempleado,,secundaria,76001000,motocicleta,suzuki,viva r 115,2019,negro
2019-01-23,valle,cali (ct),miercoles,02:30:00,junin e9,urbana,vias publicas,arma de fuego,a pie,conductor motocicleta,26,masculino,soltero,colombia,empleado particular,no reportada,secundaria,76001000,motocicleta,akt,ak125wii,2015,blanco
2019-01-24,valle,cali (ct),jueves,21:00:00,la base e8,urbana,vias publicas,arma de fuego,pasajero motocicleta,conductor motocicleta,37,femenino,casado,colombia,empleado particular,no reportada,superior,76001000,motocicleta,yamaha,t115,2015,champana
2019-01-24,valle,cali (ct),jueves,22:00:00,cgto villacarmelo e18,rural,vias publicas,arma de fuego,pasajero motocicleta,conductor motocicleta,47,femenino,casado,colombia,empleado particular,no reportada,superior,76001000,motocicleta,honda,wave 110,2017,rojo
2019-01-24,valle,cali (ct),jueves,22:00:00,san cayetano e3,urbana,vias publicas,llave maestra,a pie,a pie,26,masculino,union libre,colombia,empleado particular,no reportada,secundaria,76001000,motocicleta,hero,karizma,2017,negro
2019-01-24,valle,cali (ct),jueves,20:30:00,las delicias e4,urbana,vias publicas,arma de fuego,a pie,conductor motocicleta,34,masculino,soltero,colombia,empleado particular,no reportada,secundaria,76001000,motocicleta,tvs,tvs sport,2019,negro
2019-01-24,valle,cali (ct),jueves,14:00:00,cgto la buitrera e18,rural,vias publicas,llave maestra,a pie,a pie,47,femenino,soltero,colombia,empleado particular,no reportada,secundaria,76001000,motocicleta,akt,125 flex,2019,negro
2019-01-24,valle,cali (ct),jueves,23:00:00,el recuerdo e11,urbana,vias publicas,arma de fuego,pasajero motocicleta,conductor motocicleta,28,masculino,soltero,colombia,empleado particular,,secundaria,76001000,motocicleta,yamaha,t115,2019,azul
2019-01-24,valle,cali (ct),jueves,00:40:00,asturias e12,urbana,vias publicas,arma de fuego,a pie,a pie,32,masculino,soltero,colombia,empleado particular,,secundaria,76001000,motocicleta,victory,mrx125,2019,blanco
2019-01-24,valle,cali (ct),jueves,14:10:00,antonio narino e16,urbana,vias publicas,arma de fuego,pasajero motocicleta,conductor motocicleta,26,femenino,soltero,colombia,empleado particular,no reportada,tecnico,76001000,motocicleta,yamaha,,2019,gris
2019-01-25,valle,cali (ct),viernes,19:30:00,ciudad cordoba e15,urbana,vias publicas,arma de fuego,pasajero motocicleta,conductor motocicleta,48,masculino,casado,colombia,empleado particular,no reportada,secundaria,76001000,motocicleta,akt,ak125 nkdr,2016,negro
2019-01-25,valle,cali (ct),viernes,22:00:00,u.r. santiago de cali e19,urbana,vias publicas,arma de fuego,pasajero motocicleta,conductor motocicleta,42,masculino,union libre,colombia,empleado particular,,secundaria,76001000,motocicleta,hero,eco deluxe,2015,negro
2019-01-25,valle,cali (ct),viernes,04:00:00,santa elena e10,urbana,,llave maestra,a pie,a pie,50,masculino,casado,colombia,empleado particular,no reportada,tecnico,76001000,motocicleta,bajaj,boxer cargo ct 100,2018,negro
2019-01-25,valle,cali (ct),viernes,20:20:00,las delicias e4,urbana,vias publicas,llave maestra,a pie,a pie,28,masculino,soltero,colombia,independiente,,primaria,76001000,motocicleta,yamaha,,2015,gris
2019-01-25,valle,cali (ct),viernes,22:40:00,el jardin e11,urbana,semaforo,arma de fuego,pasajero motocicleta,conductor motocicleta,34,femenino,union libre,colombia,empleado particular,no reportada,secundaria,76001000,motocicleta,yamaha,yw125xfi,2017,blanco
2019-01-25,valle,cali (ct),viernes,00:40:00,la independencia e11,urbana,vias publicas,arma de fuego,a pie,a pie,36,femenino,union libre,colombia,empleado particular,no reportada,secundaria,76001000,motocicleta,hero,eco deluxe,2018,negro
2019-01-26,valle,cali (ct),sabado,22:00:00,antonio narino e16,urbana,vias publicas,arma de fuego,pasajero motocicleta,conductor motocicleta,30,masculino,union libre,colombia,empleado particular,tecnico auxiliar de sistemas,tecnico,76001000,motocicleta,honda,cb 150,2010,negro
2019-01-26,valle,cali (ct),sabado,05:30:00,chapinero e8,urbana,vias publicas,arma de fuego,pasajero motocicleta,conductor motocicleta,26,masculino,union libre,colombia,empleado particular,tecnico auxiliar de sistemas,tecnico,76001000,motocicleta,akt,ak 125,2019,negro
2019-01-26,valle,cali (ct),sabado,18:30:00,,urbana,vias publicas,arma de fuego,pasajero motocicleta,conductor motocicleta,33,masculino,soltero,colombia,independiente,,secundaria,76001000,motocicleta,honda,cb 110,2019,negro
2019-01-26,valle,cali (ct),sabado,13:30:00,guayaquil e9,urbana,talleres,llave maestra,a pie,a pie,26,masculino,soltero,colombia,independiente,,secundaria,76001000,motocicleta,yamaha,,2005,amarillo
2019-01-26,valle,cali (ct),sabado,12:00:00,san cristobal e10,urbana,garaje,arma de fuego,conductor motocicleta,conductor motocicleta,29,femenino,soltero,colombia,empleado particular,tecnologo  quimica,tecnologo,76001000,motocicleta,suzuki,vivax 115,2014,rojo
2019-01-26,valle,cali (ct),sabado,07:30:00,el mortinal e19,urbana,dentro de la vivienda,llave maestra,a pie,a pie,25,masculino,union libre,colombia,empleado particular,,secundaria,76001000,motocicleta,bajaj,pulsar 135 ls,2013,negro y blanco
2019-01-26,valle,cali (ct),sabado,22:20:00,santa elena e10,urbana,vias publicas,arma de fuego,pasajero motocicleta,conductor motocicleta,29,femenino,soltero,colombia,empleado particular,no reportada,tecnico,76001000,motocicleta,tongko,tk scoot xtx,2015,blanco
2019-01-26,valle,cali (ct),sabado,18:50:00,el refugio e19,urbana,vias publicas,llave maestra,a pie,a pie,39,masculino,union libre,colombia,empleado particular,,secundaria,76001000,motocicleta,yamaha,yw125xfi,2018,azul y blanco
2019-01-26,valle,cali (ct),sabado,14:15:00,guayaquil e9,urbana,vias publicas,arma de fuego,pasajero motocicleta,conductor motocicleta,22,femenino,soltero,colombia,independiente,no reportada,secundaria,76001000,motocicleta,yamaha,t115,2015,champana
2019-01-27,valle,cali (ct),domingo,19:00:00,las delicias e4,urbana,vias publicas,llave maestra,a pie,a pie,24,masculino,soltero,colombia,empleado particular,,secundaria,76001000,motocicleta,yamaha,fz15n,2016,negro
2019-01-27,valle,cali (ct),domingo,19:00:00,las delicias e4,urbana,vias publicas,llave maestra,a pie,a pie,26,masculino,soltero,colombia,empleado particular,no reportada,secundaria,76001000,motocicleta,yamaha,fz15n,2016,negro
2019-01-27,valle,cali (ct),domingo,21:30:00,sector puente del comercio e6,urbana,vias publicas,llave maestra,a pie,a pie,20,masculino,soltero,colombia,empleado particular,no reportada,tecnico,76001000,motocicleta,yamaha,,2015,gris
2019-01-27,valle,cali (ct),domingo,12:00:00,el gran limonar e17,urbana,vias publicas,llave maestra,a pie,a pie,20,masculino,union libre,colombia,empleado particular,no reportada,secundaria,76001000,motocicleta,honda,eco deluxe,2019,negro
2019-01-27,valle,cali (ct),domingo,12:50:00,siloe e20,urbana,vias publicas,llave maestra,a pie,a pie,48,masculino,casado,colombia,empleado particular,no reportada,secundaria,76001000,motocicleta,honda,sin linea,2008,negro
2019-01-28,valle,cali (ct),lunes,07:00:00,alfonso barberena e12,urbana,vias publicas,arma de fuego,pasajero vehiculo,a pie,23,masculino,soltero,colombia,empleado particular,,secundaria,76001000,motocicleta,yamaha,t115,2016,negro
2019-01-28,valle,cali (ct),lunes,11:30:00,urb. santa elena e18,urbana,,llave maestra,a pie,a pie,29,masculino,soltero,colombia,independiente,,primaria,76001000,motocicleta,honda,eco deluxe,2010,negro
2019-01-28,valle,cali (ct),lunes,00:30:00,llano verde e15,urbana,vias publicas,arma de fuego,a pie,conductor motocicleta,19,masculino,soltero,colombia,empleado particular,no reportada,secundaria,76001000,motocicleta,honda,cb 110,2019,rojo
2019-01-28,valle,cali (ct),lunes,19:40:00,eucaristico e19,urbana,vias publicas,llave maestra,a pie,a pie,21,masculino,soltero,colombia,empleado particular,no reportada,secundaria,76001000,motocicleta,bajaj,discover 125 st style,2015,negro
2019-01-28,valle,cali (ct),lunes,22:40:00,la rivera i e6,urbana,vias publicas,arma de fuego,a pie,conductor motocicleta,26,masculino,soltero,colombia,empleado particular,no reportada,tecnico,76001000,motocicleta,yamaha,yw125,2009,azul
2019-01-29,valle,cali (ct),martes,10:00:00,la hacienda e17,urbana,vias publicas,llave maestra,a pie,a pie,37,femenino,casado,colombia,empleado particular,no reportada,superior,76001000,motocicleta,kymco,,2016,negro
2019-01-29,valle,cali (ct),martes,02:00:00,los lagos e13,urbana,vias publicas,llave maestra,a pie,a pie,42,masculino,soltero,colombia,empleado particular,no reportada,secundaria,76001000,motocicleta,honda,eco 100,2007,azul
2019-01-29,valle,cali (ct),martes,13:30:00,san juan bosco e3,urbana,vias publicas,llave maestra,a pie,a pie,26,masculino,union libre,colombia,empleado particular,no reportada,tecnico,76001000,motocicleta,akt,ak100nkd,2006,rojo
2019-01-29,valle,cali (ct),martes,22:40:00,versalles e2,urbana,vias publicas,arma de fuego,pasajero motocicleta,conductor motocicleta,33,masculino,casado,colombia,empleado particular,no reportada,primaria,76001000,motocicleta,yamaha,rx 115,1998,marron
2019-01-29,valle,cali (ct),martes,11:50:00,san luis ii e6,urbana,semaforo,arma de fuego,a pie,conductor motocicleta,35,masculino,soltero,colombia,empleado particular,no reportada,primaria,76001000,motocicleta,moto abc,andy 125,2018,negro
2019-01-30,valle,cali (ct),miercoles,19:30:00,vallado e15,urbana,vias publicas,llave maestra,a pie,a pie,38,masculino,soltero,colombia,independiente,,secundaria,76001000,motocicleta,suzuki,ge110,2015,azul
2019-01-30,valle,cali (ct),miercoles,22:00:00,las americas e8,urbana,vias publicas,arma de fuego,a pie,a pie,27,masculino,soltero,colombia,empleado particular,,secundaria,76001000,motocicleta,akt,ak 110,2016,negro
2019-01-30,valle,cali (ct),miercoles,22:00:00,las americas e8,urbana,vias publicas,arma de fuego,a pie,a pie,37,masculino,soltero,colombia,empleado particular,,secundaria,76001000,motocicleta,yamaha,rx 115,1998,gris
2019-01-30,valle,cali (ct),miercoles,21:30:00,alfonso b. aragon e14,urbana,vias publicas,llave maestra,a pie,a pie,31,masculino,union libre,colombia,empleado particular,no reportada,secundaria,76001000,motocicleta,honda,cb110cme,2019,azul
2019-01-30,valle,cali (ct),miercoles,09:00:00,el vergel e13,urbana,vias publicas,llave maestra,a pie,conductor motocicleta,41,femenino,casado,colombia,empleado particular,no reportada,tecnico,76001000,motocicleta,yamaha,,2017,negro
2019-01-30,valle,cali (ct),miercoles,13:00:00,san luis e6,urbana,vias publicas,arma de fuego,a pie,a pie,30,masculino,soltero,colombia,empleado particular,no reportada,secundaria,76001000,motocicleta,akt,ak125 ne,2013,azul
2019-01-30,valle,cali (ct),miercoles,14:30:00,republica israel e16,urbana,vias publicas,arma de fuego,pasajero motocicleta,conductor motocicleta,20,masculino,union libre,colombia,desempleado,no reportada,secundaria,76001000,motocicleta,honda,cb 1,2019,gris
2019-01-30,valle,cali (ct),miercoles,12:00:00,los alcazares e6,urbana,vias publicas,arma de fuego,a pie,a pie,34,femenino,soltero,colombia,empleado particular,no reportada,tecnico,76001000,motocicleta,honda,wave 110,2015,negro
2019-01-30,valle,cali (ct),miercoles,20:15:00,san juan bosco e3,urbana,vias publicas,arma de fuego,pasajero motocicleta,conductor motocicleta,20,masculino,soltero,colombia,empleado particular,,secundaria,76001000,motocicleta,akt,ak 125,2019,negro
2019-01-30,valle,cali (ct),miercoles,18:20:00,la nueva base e8,urbana,vias publicas,arma de fuego,pasajero motocicleta,conductor motocicleta,27,femenino,union libre,colombia,ama de casa,,secundaria,76001000,motocicleta,yamaha,,2017,negro
2019-01-30,valle,cali (ct),miercoles,18:20:00,san pedro e3,urbana,vias publicas,llave maestra,a pie,a pie,50,masculino,casado,colombia,empleado particular,no reportada,primaria,76001000,motocicleta,suzuki,ax 100,2008,negro
2019-01-30,valle,cali (ct),miercoles,11:20:00,terron colorado e1,urbana,vias publicas,arma de fuego,pasajero motocicleta,conductor motocicleta,32,femenino,soltero,colombia,independiente,,secundaria,76001000,motocicleta,suzuki,viva r 115 cool,2018,negro y blanco
2019-01-30,valle,cali (ct),miercoles,07:20:00,union de vivienda popular e16,urbana,vias publicas,arma de fuego,a pie,a pie,40,femenino,casado,colombia,empleado particular,no reportada,tecnico,76001000,motocicleta,honda,cb 110,2016,negro
2019-01-30,valle,cali (ct),miercoles,17:10:00,la gran colombia e11,urbana,vias publicas,arma de fuego,a pie,a pie,33,femenino,soltero,colombia,empleado particular,no reportada,tecnico,76001000,motocicleta,suzuki,viva r 115,2013,azul
2019-01-30,valle,cali (ct),miercoles,17:50:00,alto jordan e18,urbana,vias publicas,llave maestra,a pie,a pie,26,masculino,soltero,colombia,empleado particular,,secundaria,76001000,motocicleta,yamaha,t115 fl,2016,morado cordobes
2019-01-31,valle,cali (ct),jueves,14:00:00,parcelaciones pance e22,urbana,vias publicas,llave maestra,a pie,a pie,21,masculino,soltero,colombia,empleado particular,no reportada,tecnico,76001000,motocicleta,akt,ak125 ne,2012,negro
2019-01-31,valle,cali (ct),jueves,17:00:00,petecuy ii e6,urbana,vias publicas,llave maestra,a pie,a pie,36,masculino,union libre,colombia,empleado particular,,secundaria,76001000,motocicleta,honda,,2014,negro
2019-01-31,valle,cali (ct),jueves,17:30:00,cgto golondrinas e1,rural,vias publicas,arma de fuego,a pie,conductor motocicleta,23,masculino,soltero,colombia,empleado particular,no reportada,secundaria,76001000,motocicleta,yamaha,ybr125,2016,negro y blanco
2019-01-31,valle,cali (ct),jueves,09:30:00,siloe e20,urbana,vias publicas,llave maestra,a pie,a pie,36,masculino,union libre,colombia,empleado particular,no reportada,secundaria,76001000,motocicleta,bajaj,discover 125 st,2019,negro
2019-01-31,valle,cali (ct),jueves,20:20:00,alfonso b. aragon e14,urbana,,llave maestra,a pie,a pie,33,masculino,union libre,colombia,empleado particular,,secundaria,76001000,motocicleta,auteco bajaj,platino,2008,negro
2019-02-01,valle,cali (ct),viernes,23:00:00,,urbana,vias publicas,arma de fuego,pasajero motocicleta,conductor motocicleta,21,femenino,soltero,colombia,empleado particular,no reportada,secundaria,76001000,motocicleta,victory,victory advance 110,2017,blanco
2019-02-01,valle,cali (ct),viernes,14:30:00,san carlos e11,urbana,vias publicas,arma de fuego,a pie,conductor motocicleta,50,masculino,union libre,colombia,empleado particular,no reportada,primaria,76001000,motocicleta,honda,eco deluxe,2013,negro
2019-02-01,valle,cali (ct),viernes,23:30:00,,urbana,vias publicas,arma de fuego,conductor motocicleta,pasajero motocicleta,28,masculino,soltero,colombia,empleado particular,no reportada,tecnico,76001000,motocicleta,honda,cb 110,2018,gris
2019-02-01,valle,cali (ct),viernes,20:15:00,el penon e3,urbana,vias publicas,arma de fuego,pasajero motocicleta,conductor motocicleta,18,masculino,soltero,colombia,empleado particular,no reportada,secundaria,76001000,motocicleta,akt,ak125 nkdr,2019,rojo
2019-02-01,valle,cali (ct),viernes,23:20:00,alfonso b. aragon e14,urbana,vias publicas,arma de fuego,pasajero motocicleta,conductor motocicleta,25,masculino,soltero,colombia,empleado particular,no reportada,secundaria,76001000,motocicleta,akt,ak125 br,2007,gris
2019-02-02,valle,cali (ct),sabado,21:00:00,caney e17,urbana,vias publicas,arma de fuego,a pie,a pie,21,masculino,soltero,colombia,independiente,,secundaria,76001000,motocicleta,yamaha,,2016,blanco
2019-02-02,valle,cali (ct),sabado,16:00:00,,urbana,vias publicas,sin empleo de armas,pasajero vehiculo,a pie,33,masculino,soltero,colombia,empleado particular,no reportada,secundaria,76001000,motocicleta,yamaha,t115,2016,naranja
2019-02-02,valle,cali (ct),sabado,01:00:00,san pedro e3,urbana,vias publicas,arma de fuego,a pie,conductor motocicleta,20,femenino,soltero,colombia,empleado particular,no reportada,secundaria,76001000,motocicleta,suzuki,viva r 115 style,2016,negro y blanco
2019-02-02,valle,cali (ct),sabado,07:00:00,san cristobal e10,urbana,vias publicas,llave maestra,a pie,a pie,58,femenino,casado,colombia,empleado particular,no reportada,secundaria,76001000,motocicleta,honda,splendor,2007,azul
2019-02-02,valle,cali (ct),sabado,00:30:00,el retiro e15,urbana,vias publicas,arma blanca / cortopunzante,a pie,conductor motocicleta,30,masculino,union libre,colombia,empleado particular,no reportada,secundaria,76001000,motocicleta,bajaj,boxer ct 100,2018,negro
2019-02-02,valle,cali (ct),sabado,21:05:00,los guaduales e6,urbana,vias publicas,arma de fuego,pasajero motocicleta,conductor motocicleta,24,masculino,soltero,colombia,empleado particular,,secundaria,76001000,motocicleta,yamaha,,2019,azul
2019-02-03,valle,cali (ct),domingo,20:00:00,union de vivienda popular e16,urbana,vias publicas,arma de fuego,pasajero motocicleta,a pie,39,masculino,soltero,colombia,empleado particular,no reportada,superior,76001000,motocicleta,yamaha,yw125xfi,2019,gris
2019-02-03,valle,cali (ct),domingo,19:30:00,el poblado ii e13,urbana,vias publicas,arma de fuego,pasajero motocicleta,conductor motocicleta,34,masculino,soltero,colombia,independiente,,secundaria,76001000,motocicleta,akt,ak125wii,2016,blanco
2019-02-03,valle,cali (ct),domingo,02:00:00,eucaristico e19,urbana,vias publicas,llave maestra,a pie,a pie,39,femenino,soltero,colombia,empleado salud,,secundaria,76001000,motocicleta,honda,wave 110,2016,negro
2019-02-03,valle,cali (ct),domingo,00:30:00,nueva floresta e12,urbana,vias publicas,arma de fuego,a pie,a pie,28,femenino,soltero,colombia,empleado particular,,secundaria,76001000,motocicleta,suzuki,best 125,2019,negro
2019-02-03,valle,cali (ct),domingo,12:00:00,km 18 via al mar e1,rural,carretera,llave maestra,a pie,a pie,57,masculino,soltero,colombia,empleado particular,no reportada,secundaria,76001000,motocicleta,suzuki,gn 125,2006,azul
2019-02-03,valle,cali (ct),domingo,23:40:00,san antonio e3,urbana,vias publicas,arma de fuego,pasajero motocicleta,conductor motocicleta,36,masculino,soltero,colombia,empleado particular,,secundaria,76001000,motocicleta,yamaha,t115,2017,morado cordobes
2019-02-04,valle,cali (ct),lunes,23:30:00,los cambulos e19,urbana,vias publicas,arma de fuego,pasajero motocicleta,conductor motocicleta,21,masculino,soltero,colombia,empleado particular,no reportada,tecnico,76001000,motocicleta,akt,ak125wii,2017,negro
2019-02-04,valle,cali (ct),lunes,23:30:00,sector alto los chorros e18,urbana,vias publicas,arma de fuego,a pie,a pie,24,masculino,soltero,colombia,empleado particular,no reportada,secundaria,76001000,motocicleta,tvs,tvs sport,2014,negro
2019-02-04,valle,cali (ct),lunes,19:40:00,antonio narino e16,urbana,vias publicas,sin empleo de armas,a pie,a pie,48,masculino,soltero,colombia,empleado particular,,secundaria,76001000,motocicleta,honda,cb 110,2019,negro
2019-02-04,valle,cali (ct),lunes,22:20:00,nueva floresta e12,urbana,vias publicas,arma de fuego,pasajero motocicleta,conductor vehiculo,28,masculino,soltero,colombia,independiente,,secundaria,76001000,motocicleta,yamaha,rx 115,2015,azul
2019-02-05,valle,cali (ct),martes,22:30:00,santa fe e8,urbana,vias publicas,arma de fuego,pasajero motocicleta,conductor motocicleta,44,femenino,union libre,colombia,empleado particular,,secundaria,76001000,motocicleta,yamaha,yw125xfi,2018,azul y blanco
2019-02-05,valle,cali (ct),martes,15:30:00,calimio desepaz e21,urbana,vias publicas,llave maestra,a pie,a pie,27,masculino,union libre,colombia,empleado particular,,secundaria,76001000,motocicleta,yamaha,cripton,2008,negro
2019-02-06,valle,cali (ct),miercoles,21:00:00,calimio desepaz e21,urbana,vias publicas,llave maestra,a pie,a pie,22,masculino,casado,colombia,empleado particular,tecnico en gestion judicial y criminalistica,tecnico,76001000,motocicleta,tvs,tvs apache rtr 160,2015,blanco
2019-02-06,valle,cali (ct),miercoles,15:00:00,alfonso lopez iii e7,urbana,vias publicas,sin empleo de armas,a pie,a pie,25,masculino,soltero,colombia,empleado particular,no reportada,secundaria,76001000,motocicleta,akt,ak 150 dl,2015,negro
2019-02-06,valle,cali (ct),miercoles,22:30:00,,urbana,vias publicas,arma de fuego,a pie,conductor motocicleta,22,masculino,soltero,colombia,empleado particular,no reportada,secundaria,76001000,motocicleta,honda,cb 110,2019,gris
2019-02-06,valle,cali (ct),miercoles,18:50:00,chapinero e8,urbana,vias publicas,sin empleo de armas,a pie,a pie,22,femenino,soltero,colombia,empleado salud,,secundaria,76001000,motocicleta,yamaha,,2017,gris
2019-02-07,valle,cali (ct),jueves,21:00:00,pizamos ii e21,urbana,vias publicas,llave maestra,a pie,a pie,32,masculino,union libre,colombia,empleado particular,no reportada,secundaria,76001000,motocicleta,akt,ak125 slr,2014,azul
2019-02-07,valle,cali (ct),jueves,22:00:00,la luisa e19,rural,vias publicas,llave maestra,a pie,a pie,46,masculino,soltero,colombia,empleado particular,,secundaria,76001000,motocicleta,honda,eco deluxe,2017,negro
2019-02-07,valle,cali (ct),jueves,20:30:00,mariano ramos e16,urbana,vias publicas,arma de fuego,pasajero motocicleta,conductor motocicleta,30,femenino,soltero,colombia,empleado particular,terapia del lenguaje,superior,76001000,motocicleta,yamaha,t115,2015,champana
2019-02-08,valle,cali (ct),viernes,16:00:00,nueva floresta e12,urbana,vias publicas,arma de fuego,pasajero motocicleta,conductor motocicleta,35,masculino,casado,colombia,empleado particular,no reportada,primaria,76001000,motocicleta,yamaha,t115,2013,champana
2019-02-08,valle,cali (ct),viernes,03:30:00,antonio narino e16,urbana,vias publicas,llave maestra,a pie,a pie,50,femenino,union libre,colombia,empleado particular,no reportada,secundaria,76001000,motocicleta,suzuki,viva r 115 cool,2017,negro
2019-02-09,valle,cali (ct),sabado,19:00:00,alfonso lopez i e7,urbana,vias publicas,arma de fuego,a pie,conductor motocicleta,38,femenino,union libre,colombia,ama de casa,,secundaria,76001000,motocicleta,yamaha,,2017,negro
2019-02-09,valle,cali (ct),sabado,15:00:00,santa elena e10,urbana,vias publicas,arma de fuego,pasajero motocicleta,conductor motocicleta,31,masculino,union libre,colombia,empleado particular,no reportada,tecnico,76001000,motocicleta,bajaj,pulsar 200 ns,2015,azul
2019-02-09,valle,cali (ct),sabado,10:00:00,terron colorado e1,urbana,vias publicas,arma de fuego,a pie,a pie,47,masculino,soltero,colombia,empleado particular,no reportada,secundaria,76001000,motocicleta,honda,cbf 150,2014,negro
2019-02-09,valle,cali (ct),sabado,22:30:00,la hacienda e17,urbana,semaforo,arma de fuego,a pie,conductor motocicleta,41,femenino,soltero,colombia,empleado particular,no reportada,tecnico,76001000,motocicleta,kymco,,2013,negro
2019-02-09,valle,cali (ct),sabado,04:30:00,cgto. la sirena e19,rural,vias publicas,llave maestra,a pie,a pie,30,masculino,soltero,colombia,empleado particular,,secundaria,76001000,motocicleta,honda,cb 150,2012,negro
2019-02-09,valle,cali (ct),sabado,07:40:00,atanasio girardot e8,urbana,vias publicas,arma de fuego,pasajero motocicleta,conductor motocicleta,26,masculino,union libre,venezuela,empleado particular,no reportada,tecnico,76001000,motocicleta,akt,ak125wii,2019,negro
2019-02-09,valle,cali (ct),sabado,08:40:00,los chorros e18,urbana,vias publicas,arma de fuego,a pie,a pie,32,masculino,union libre,colombia,empleado particular,no reportada,primaria,76001000,motocicleta,hero,thriller,2017,blanco
2019-02-09,valle,cali (ct),sabado,01:45:00,la esmeralda e4,urbana,vias publicas,sin empleo de armas,a pie,a pie,36,femenino,union libre,colombia,empleado particular,tecnico auxiliar de sistemas,tecnico,76001000,motocicleta,yamaha,yw125,2011,negro
2019-02-10,valle,cali (ct),domingo,22:00:00,valle grande e21,urbana,vias publicas,arma de fuego,pasajero motocicleta,conductor motocicleta,19,femenino,soltero,colombia,empleado particular,tecnico auxiliar de sistemas,tecnico,76001000,motocicleta,honda,wave 110,2018,negro
2019-02-10,valle,cali (ct),domingo,23:00:00,,urbana,vias publicas,arma de fuego,a pie,a pie,31,femenino,union libre,colombia,empleado particular,no reportada,secundaria,76001000,motocicleta,yamaha,yw125xfi,2017,blanco
2019-02-10,valle,cali (ct),domingo,09:00:00,marroquin i e14,urbana,vias publicas,llave maestra,a pie,a pie,27,masculino,union libre,colombia,empleado particular,no reportada,tecnico,76001000,motocicleta,akt,ak125 br,2014,blanco
2019-02-10,valle,cali (ct),domingo,23:30:00,vista hermosa e1,urbana,vias publicas,arma de fuego,pasajero motocicleta,conductor motocicleta,19,masculino,soltero,colombia,empleado particular,no reportada,primaria,76001000,motocicleta,yamaha,,2019,blanco
2019-02-10,valle,cali (ct),domingo,11:30:00,unid. a galindo plaza toros e19,urbana,vias publicas,llave maestra,a pie,a pie,25,masculino,soltero,colombia,empleado particular,no reportada,secundaria,76001000,motocicleta,akt,ak125 nkdr,2015,negro
2019-02-10,valle,cali (ct),domingo,12:00:00,vallado e15,urbana,vias publicas,llave maestra,a pie,a pie,25,masculino,union libre,colombia,empleado particular,no reportada,secundaria,76001000,motocicleta,hero,thriller,2018,negro
2019-02-11,valle,cali (ct),lunes,19:00:00,manuela beltran e14,urbana,vias publicas,llave maestra,a pie,a pie,35,masculino,union libre,colombia,empleado particular,no reportada,secundaria,76001000,motocicleta,akt,ak 150c,2015,blanco
2019-02-11,valle,cali (ct),lunes,21:30:00,brisas de los alamos e2,urbana,vias publicas,llave maestra,a pie,a pie,22,masculino,union libre,colombia,empleado particular,no reportada,secundaria,76001000,motocicleta,suzuki,viva r 115,2018,rojo
2019-02-12,valle,cali (ct),martes,22:00:00,ciudad cordoba e15,urbana,vias publicas,llave maestra,a pie,conductor motocicleta,28,masculino,soltero,colombia,empleado particular,no reportada,secundaria,76001000,motocicleta,akt,ak125wii,2017,negro
2019-02-12,valle,cali (ct),martes,08:00:00,la esperanza e11,urbana,vias publicas,arma blanca / cortopunzante,pasajero motocicleta,conductor motocicleta,32,masculino,union libre,colombia,empleado particular,no reportada,secundaria,76001000,motocicleta,yamaha,t115,2013,blanco
2019-02-12,valle,cali (ct),martes,08:00:00,villacolombia e8,urbana,vias publicas,llave maestra,a pie,a pie,48,masculino,union libre,colombia,empleado particular,no reportada,secundaria,76001000,motocicleta,akt,ak125 nkdr,2012,azul
2019-02-12,valle,cali (ct),martes,22:20:00,paso del comercio e6,urbana,vias publicas,arma de fuego,pasajero motocicleta,conductor motocicleta,38,masculino,soltero,colombia,independiente,tecnico auxiliar de sistemas,tecnico,76001000,motocicleta,yamaha,yw125xfi,2019,gris
2019-02-12,valle,cali (ct),martes,10:40:00,rodrigo lara bonilla e13,urbana,vias publicas,arma de fuego,a pie,conductor motocicleta,32,masculino,soltero,colombia,empleado particular,no reportada,secundaria,76001000,motocicleta,bajaj,pulsar ns 150,2017,blanco
2019-02-12,valle,cali (ct),martes,15:15:00,la independencia e11,urbana,vias publicas,llave maestra,a pie,a pie,23,masculino,soltero,colombia,empleado particular,no reportada,secundaria,76001000,motocicleta,yamaha,t115,2015,negro y blanco
2019-02-13,valle,cali (ct),miercoles,21:00:00,12 de octubre e12,urbana,vias publicas,arma de fuego,pasajero motocicleta,conductor motocicleta,18,masculino,soltero,colombia,independiente,no reportada,secundaria,76001000,motocicleta,yamaha,t115,2015,negro
2019-02-13,valle,cali (ct),miercoles,21:30:00,ciudad cordoba e15,urbana,vias publicas,arma de fuego,a pie,conductor motocicleta,20,masculino,soltero,colombia,empleado particular,,secundaria,76001000,motocicleta,yamaha,,2017,blanco
2019-02-13,valle,cali (ct),miercoles,12:30:00,ciudadela confandi e17,urbana,vias publicas,llave maestra,a pie,a pie,50,masculino,soltero,colombia,empleado particular,no reportada,secundaria,76001000,motocicleta,bajaj,xcd125,2011,negro
2019-02-13,valle,cali (ct),miercoles,07:05:00,ciudad talanga e21,urbana,vias publicas,arma de fuego,a pie,conductor motocicleta,57,masculino,union libre,colombia,empleado particular,,secundaria,76001000,motocicleta,honda,cb 110,2016,negro
2019-02-14,valle,cali (ct),jueves,20:30:00,los andes e5,urbana,vias publicas,llave maestra,a pie,a pie,27,femenino,soltero,colombia,empleado particular,,secundaria,76001000,motocicleta,akt,ak 110,2019,negro
2019-02-15,valle,cali (ct),viernes,19:00:00,san nicolas e3,urbana,vias publicas,llave maestra,a pie,a pie,33,masculino,soltero,colombia,empleado particular,no reportada,secundaria,76001000,motocicleta,tongko,tk 100 bz,2012,negro
2019-02-15,valle,cali (ct),viernes,21:30:00,alirio mora beltran e14,urbana,vias publicas,arma de fuego,pasajero motocicleta,conductor motocicleta,18,femenino,soltero,colombia,independiente,no reportada,secundaria,76001000,motocicleta,kymco,,2016,azul
2019-02-15,valle,cali (ct),viernes,15:00:00,santa monica popular e8,urbana,vias publicas,arma blanca / cortopunzante,pasajero motocicleta,conductor motocicleta,65,masculino,casado,colombia,independiente,,primaria,76001000,motocicleta,akt,ak150rsii,2015,rojo
2019-02-15,valle,cali (ct),viernes,01:00:00,calypso e13,urbana,vias publicas,arma de fuego,a pie,a pie,34,masculino,soltero,colombia,empleado particular,no reportada,secundaria,76001000,motocicleta,suzuki,best 125,2014,blanco
2019-02-15,valle,cali (ct),viernes,01:00:00,los lagos e13,urbana,vias publicas,arma de fuego,a pie,conductor motocicleta,31,masculino,soltero,colombia,empleado particular,,secundaria,76001000,motocicleta,yamaha,yw125,2014,negro
2019-02-15,valle,cali (ct),viernes,10:40:00,el jardin e11,urbana,vias publicas,llave maestra,a pie,a pie,39,masculino,casado,colombia,independiente,no reportada,secundaria,76001000,motocicleta,yamaha,,2018,gris
2019-02-15,valle,cali (ct),viernes,22:35:00,los guaduales e6,urbana,vias publicas,llave maestra,a pie,a pie,53,masculino,casado,colombia,empleado particular,no reportada,secundaria,76001000,motocicleta,suzuki,ax 100,2007,negro
2019-02-15,valle,cali (ct),viernes,18:25:00,san pedro e3,urbana,vias publicas,llave maestra,a pie,a pie,39,masculino,casado,colombia,empleado particular,no reportada,secundaria,76001000,motocicleta,yamaha,rx100,2006,azul
2019-02-15,valle,cali (ct),viernes,23:05:00,lleras camargo e20,urbana,vias publicas,arma de fuego,pasajero motocicleta,conductor motocicleta,27,masculino,soltero,colombia,independiente,tecnico auxiliar de sistemas,tecnico,76001000,motocicleta,honda,,2013,amarillo
2019-02-16,valle,cali (ct),sabado,21:00:00,chipichape e2,urbana,vias publicas,arma de fuego,conductor motocicleta,a pie,19,masculino,soltero,colombia,estudiante,,secundaria,76001000,motocicleta,yamaha,,2019,negro grafito
2019-02-16,valle,cali (ct),sabado,20:30:00,san luis e6,urbana,vias publicas,arma de fuego,conductor motocicleta,conductor motocicleta,22,masculino,soltero,colombia,empleado particular,,secundaria,76001000,motocicleta,bajaj,pulsar,2017,azul laguna
2019-02-16,valle,cali (ct),sabado,14:00:00,diamante e13,urbana,vias publicas,arma de fuego,pasajero motocicleta,conductor motocicleta,38,masculino,soltero,colombia,empleado particular,no reportada,secundaria,76001000,motocicleta,honda,splendor nxg es,2013,negro
2019-02-16,valle,cali (ct),sabado,02:00:00,los sauces e11,urbana,vias publicas,llave maestra,pasajero motocicleta,conductor motocicleta,33,masculino,soltero,colombia,independiente,terapia ocupacional,superior,76001000,motocicleta,akt,ak 125,2019,negro
2019-02-16,valle,cali (ct),sabado,18:30:00,siloe e20,urbana,vias publicas,arma de fuego,a pie,conductor motocicleta,59,masculino,union libre,colombia,independiente,no reportada,primaria,76001000,motocicleta,yamaha,fz16,2014,gris
2019-02-16,valle,cali (ct),sabado,14:30:00,los andes e5,urbana,,arma de fuego,pasajero motocicleta,conductor motocicleta,19,femenino,soltero,colombia,independiente,,secundaria,76001000,motocicleta,yamaha,yw125xfi,2018,negro y blanco
2019-02-16,valle,cali (ct),sabado,17:30:00,alfonso b. aragon e14,urbana,vias publicas,arma de fuego,a pie,conductor motocicleta,29,femenino,union libre,colombia,empleado particular,,secundaria,76001000,motocicleta,yamaha,yw125x,2017,negro
2019-02-16,valle,cali (ct),sabado,12:00:00,ciudad cordoba e15,urbana,vias publicas,arma de fuego,pasajero motocicleta,conductor motocicleta,31,masculino,soltero,colombia,independiente,no reportada,secundaria,76001000,motocicleta,yamaha,125,2017,negro
2019-02-16,valle,cali (ct),sabado,21:40:00,caldas e18,urbana,vias publicas,arma de fuego,a pie,conductor motocicleta,31,masculino,soltero,colombia,independiente,,secundaria,76001000,motocicleta,honda,cb 110,2013,negro
2019-02-17,valle,cali (ct),domingo,22:00:00,los guaduales e6,urbana,vias publicas,llave maestra,a pie,a pie,25,masculino,soltero,colombia,independiente,,secundaria,76001000,motocicleta,yamaha,t115,2017,rosado
2019-02-17,valle,cali (ct),domingo,15:00:00,industrial e8,urbana,vias publicas,arma de fuego,pasajero motocicleta,a pie,32,masculino,union libre,colombia,independiente,tecnico auxiliar de sistemas,tecnico,76001000,motocicleta,bajaj,discover,2017,negro
2019-02-17,valle,cali (ct),domingo,01:00:00,el poblado ii e13,urbana,vias publicas,arma de fuego,pasajero motocicleta,conductor motocicleta,25,femenino,union libre,colombia,empleado particular,no reportada,tecnico,76001000,motocicleta,honda,xl 100 s,2018,blanco
2019-02-17,valle,cali (ct),domingo,07:00:00,el poblado i e13,urbana,vias publicas,arma blanca / cortopunzante,a pie,a pie,32,femenino,soltero,,empleado particular,no reportada,secundaria,76001000,motocicleta,yamaha,yw125,,blanco
2019-02-17,valle,cali (ct),domingo,13:00:00,lourdes e18,urbana,vias publicas,llave maestra,a pie,a pie,39,femenino,union libre,colombia,empleado particular,no reportada,primaria,76001000,motocicleta,akt,ak125wii,2015,blanco
2019-02-18,valle,cali (ct),lunes,19:30:00,el poblado ii e13,urbana,vias publicas,llave maestra,a pie,a pie,29,masculino,soltero,colombia,empleado particular,no reportada,tecnico,76001000,motocicleta,honda,cbf 150,2009,negro
2019-02-18,valle,cali (ct),lunes,19:30:00,sucre e9,urbana,vias publicas,arma de fuego,a pie,conductor motocicleta,21,femenino,soltero,colombia,empleado particular,no reportada,secundaria,76001000,motocicleta,suzuki,viva r 115 cool,2019,negro y blanco
2019-02-18,valle,cali (ct),lunes,22:00:00,el jardin e11,urbana,vias publicas,arma de fuego,pasajero motocicleta,a pie,35,femenino,union libre,colombia,empleado particular,,secundaria,76001000,motocicleta,yamaha,yw125xfi,2018,gris
2019-02-18,valle,cali (ct),lunes,21:30:00,ciudad cordoba e15,urbana,vias publicas,arma de fuego,a pie,a pie,28,femenino,soltero,colombia,desempleado,,secundaria,76001000,motocicleta,victory,victory advance 110,2019,negro
2019-02-18,valle,cali (ct),lunes,16:00:00,ciudadela confandi e17,urbana,vias publicas,llave maestra,a pie,a pie,24,femenino,soltero,colombia,empleado particular,no reportada,secundaria,76001000,motocicleta,victory,sin linea,2019,negro
2019-02-18,valle,cali (ct),lunes,10:00:00,diamante e13,urbana,vias publicas,llave maestra,a pie,a pie,39,femenino,union libre,colombia,empleado particular,,secundaria,76001000,motocicleta,yamaha,,2011,negro
2019-02-18,valle,cali (ct),lunes,07:30:00,la nueva base e8,urbana,vias publicas,llave maestra,a pie,a pie,28,masculino,soltero,colombia,empleado particular,no reportada,secundaria,76001000,motocicleta,yamaha,yw125,2013,verde
2019-02-18,valle,cali (ct),lunes,12:30:00,la fortaleza e11,urbana,vias publicas,arma blanca / cortopunzante,a pie,conductor motocicleta,19,femenino,soltero,colombia,empleado particular,no reportada,secundaria,76001000,motocicleta,kymco,activ 110,2016,negro
2019-02-18,valle,cali (ct),lunes,18:20:00,san vicente e2,urbana,vias publicas,llave maestra,a pie,conductor motocicleta,33,masculino,union libre,colombia,empleado particular,no reportada,secundaria,76001000,motocicleta,akt,ak125sl c,2011,azul
2019-02-19,valle,cali (ct),martes,21:30:00,sector alto los chorros e18,urbana,vias publicas,arma de fuego,a pie,a pie,40,masculino,union libre,colombia,independiente,no reportada,secundaria,76001000,motocicleta,bajaj,discover 125 st,2015,azul
2019-02-19,valle,cali (ct),martes,06:00:00,terron colorado e1,urbana,vias publicas,llave maestra,a pie,a pie,21,masculino,soltero,colombia,empleado particular,no reportada,secundaria,76001000,motocicleta,akt,ak180ttx,2017,negro
2019-02-19,valle,cali (ct),martes,14:30:00,petecuy i e6,urbana,vias publicas,llave maestra,a pie,a pie,24,masculino,union libre,colombia,empleado particular,no reportada,secundaria,76001000,motocicleta,yamaha,,2019,negro y blanco
2019-02-19,valle,cali (ct),martes,20:40:00,manuela beltran e14,urbana,vias publicas,arma de fuego,a pie,a pie,28,masculino,union libre,colombia,empleado particular,no reportada,secundaria,76001000,motocicleta,honda,cb 110,2013,negro
2019-02-19,valle,cali (ct),martes,21:10:00,el troncal e8,urbana,vias publicas,arma de fuego,pasajero motocicleta,conductor motocicleta,20,masculino,soltero,colombia,empleado particular,no reportada,tecnico,76001000,motocicleta,akt,ak 125,2019,negro
2019-02-19,valle,cali (ct),martes,21:10:00,llano verde e15,urbana,,llave maestra,a pie,a pie,32,masculino,union libre,colombia,empleado particular,no reportada,secundaria,76001000,motocicleta,akt,ak125 ne,2013,negro
2019-02-19,valle,cali (ct),martes,06:15:00,,urbana,vias publicas,sin empleo de armas,a pie,a pie,59,femenino,soltero,colombia,empleado particular,no reportada,secundaria,76001000,motocicleta,honda,cb 150,2013,negro
2019-02-19,valle,cali (ct),martes,23:20:00,alirio mora beltran e14,urbana,vias publicas,arma de fuego,pasajero motocicleta,conductor motocicleta,29,masculino,soltero,,empleado particular,no reportada,secundaria,76001000,motocicleta,bajaj,linea standard,2018,negro y blanco
2019-02-20,valle,cali (ct),miercoles,21:30:00,alfonso lopez iii e7,urbana,vias publicas,arma de fuego,a pie,conductor motocicleta,21,masculino,soltero,colombia,empleado particular,no reportada,secundaria,76001000,motocicleta,honda,cb 110,2016,negro
2019-02-20,valle,cali (ct),miercoles,15:00:00,san nicolas e3,urbana,vias publicas,llave maestra,a pie,a pie,19,masculino,soltero,colombia,empleado particular,no reportada,tecnico,76001000,motocicleta,honda,eco deluxe es,2013,negro
2019-02-20,valle,cali (ct),miercoles,08:00:00,los comuneros i e15,urbana,vias publicas,llave maestra,a pie,a pie,39,masculino,soltero,colombia,empleado particular,no reportada,primaria,76001000,motocicleta,kawasaki,kh,1979,gris
2019-02-20,valle,cali (ct),miercoles,10:30:00,el poblado ii e13,urbana,,llave maestra,a pie,a pie,25,femenino,soltero,colombia,empleado particular,no reportada,secundaria,76001000,motocicleta,akt,ak125wiii,2011,rojo
2019-02-20,valle,cali (ct),miercoles,10:30:00,los conquistadores e11,urbana,vias publicas,arma blanca / cortopunzante,a pie,conductor motocicleta,40,masculino,soltero,,empleado particular,no reportada,primaria,76001000,motocicleta,bajaj,pulsar,2018,azul
2019-02-20,valle,cali (ct),miercoles,16:30:00,eucaristico e19,urbana,vias publicas,llave maestra,a pie,a pie,32,masculino,soltero,colombia,empleado particular,,secundaria,76001000,motocicleta,akt,ak 125,2016,blanco
2019-02-20,valle,cali (ct),miercoles,19:45:00,,urbana,vias publicas,llave maestra,a pie,a pie,25,masculino,soltero,colombia,empleado particular,no reportada,tecnico,76001000,motocicleta,honda,cbr 250 rd,2012,negro
2019-02-20,valle,cali (ct),miercoles,19:55:00,sector melendez e18,urbana,vias publicas,llave maestra,a pie,a pie,19,femenino,soltero,colombia,empleado particular,,secundaria,76001000,motocicleta,akt,ak 125 nkd,2019,rojo
2019-02-20,valle,cali (ct),miercoles,19:55:00,sector melendez e18,urbana,vias publicas,llave maestra,a pie,a pie,29,masculino,soltero,colombia,empleado particular,,secundaria,76001000,motocicleta,yamaha,,2016,azul
2019-02-20,valle,cali (ct),miercoles,21:05:00,san fernando viejo e19,urbana,vias publicas,llave maestra,a pie,a pie,28,femenino,soltero,colombia,empleado particular,no reportada,secundaria,76001000,motocicleta,akt,ak 125,2015,blanco
2019-02-21,valle,cali (ct),jueves,21:30:00,la nueva base e8,urbana,vias publicas,arma de fuego,a pie,conductor motocicleta,22,femenino,soltero,colombia,empleado particular,no reportada,tecnico,76001000,motocicleta,yamaha,yw125xfi,2019,gris
2019-02-21,valle,cali (ct),jueves,21:30:00,valle grande e21,urbana,vias publicas,arma de fuego,a pie,a pie,20,femenino,soltero,colombia,empleado particular,no reportada,tecnico,76001000,motocicleta,suzuki,viva r 115 cool,2018,negro y blanco
2019-02-21,valle,cali (ct),jueves,22:30:00,la isla e4,urbana,vias publicas,arma de fuego,a pie,conductor motocicleta,24,masculino,soltero,colombia,empleado particular,no reportada,secundaria,76001000,motocicleta,yamaha,t115,2015,negro y blanco
2019-02-21,valle,cali (ct),jueves,08:30:00,centenario e2,urbana,vias publicas,llave maestra,a pie,a pie,30,masculino,soltero,colombia,empleado particular,no reportada,secundaria,76001000,motocicleta,honda,xr 250,2014,blanco
2019-02-21,valle,cali (ct),jueves,21:10:00,el troncal e8,urbana,vias publicas,arma de fuego,pasajero motocicleta,conductor motocicleta,25,femenino,casado,colombia,empleado particular,no reportada,tecnico,76001000,motocicleta,kymco,agility digital 125,2019,gris
2019-02-21,valle,cali (ct),jueves,22:40:00,,urbana,vias publicas,arma de fuego,pasajero motocicleta,conductor motocicleta,32,masculino,union libre,colombia,empleado particular,no reportada,secundaria,76001000,motocicleta,honda,eco deluxe,2019,negro
2019-02-21,valle,cali (ct),jueves,16:20:00,cuarteles de napoles e18,urbana,vias publicas,no reportado,a pie,a pie,56,masculino,casado,colombia,empleado particular,no reportada,primaria,76001000,motocicleta,hero,eco deluxe,2019,negro
2019-02-21,valle,cali (ct),jueves,10:15:00,san pedro claver e11,urbana,semaforo,arma de fuego,a pie,conductor motocicleta,40,femenino,casado,colombia,empleado particular,no reportada,tecnico,76001000,motocicleta,yamaha,,2013,negro y blanco
2019-02-21,valle,cali (ct),jueves,18:10:00,san juan bosco e3,urbana,vias publicas,llave maestra,a pie,a pie,21,masculino,soltero,,empleado particular,no reportada,secundaria,76001000,motocicleta,bajaj,boxer bm100 classic,2014,negro
2019-02-22,valle,cali (ct),viernes,21:30:00,villacolombia e8,urbana,vias publicas,arma de fuego,pasajero motocicleta,a pie,23,femenino,soltero,colombia,empleado particular,no reportada,superior,76001000,motocicleta,yamaha,yw125xfi,2017,negro
2019-02-22,valle,cali (ct),viernes,06:00:00,granada e2,urbana,,llave maestra,a pie,a pie,64,masculino,casado,colombia,empleado particular,no reportada,secundaria,76001000,motocicleta,kawasaki,100,2012,negro
2019-02-22,valle,cali (ct),viernes,10:00:00,san antonio e3,urbana,vias publicas,llave maestra,a pie,conductor motocicleta,27,masculino,soltero,colombia,empleado particular,no reportada,tecnico,76001000,motocicleta,yamaha,,2017,rojo
2019-02-22,valle,cali (ct),viernes,10:30:00,la floresta e8,urbana,vias publicas,llave maestra,a pie,a pie,35,masculino,soltero,colombia,empleado particular,no reportada,secundaria,76001000,motocicleta,suzuki,sin linea,2009,azul
2019-02-22,valle,cali (ct),viernes,23:20:00,nueva floresta e12,urbana,vias publicas,arma blanca / cortopunzante,pasajero motocicleta,conductor motocicleta,21,masculino,soltero,,empleado particular,no reportada,secundaria,76001000,motocicleta,yamaha,rx 115,1999,negro
2019-02-22,valle,cali (ct),viernes,08:55:00,la floresta e8,urbana,vias publicas,arma de fuego,a pie,conductor motocicleta,39,femenino,casado,colombia,empleado particular,no reportada,secundaria,76001000,motocicleta,yamaha,yw125xfi,2019,azul
2019-02-23,valle,cali (ct),sabado,19:30:00,,urbana,vias publicas,arma de fuego,a pie,conductor motocicleta,46,femenino,soltero,colombia,empleado particular,,secundaria,76001000,motocicleta,akt,ak 125,2014,azul
2019-02-23,valle,cali (ct),sabado,21:30:00,siete de agosto e7,urbana,vias publicas,arma de fuego,a pie,conductor motocicleta,26,femenino,union libre,colombia,empleado particular,no reportada,secundaria,76001000,motocicleta,honda,cb160f,2019,blanco
2019-02-23,valle,cali (ct),sabado,15:00:00,las acacias e10,urbana,vias publicas,llave maestra,a pie,a pie,25,femenino,union libre,colombia,empleado particular,no reportada,tecnico,76001000,motocicleta,yamaha,t115,2005,azul
2019-02-23,valle,cali (ct),sabado,23:30:00,omar torrijos e13,urbana,vias publicas,llave maestra,a pie,a pie,43,masculino,union libre,colombia,empleado particular,no reportada,secundaria,76001000,motocicleta,bajaj,discover,2013,negro
2019-02-23,valle,cali (ct),sabado,16:30:00,san nicolas e3,urbana,vias publicas,llave maestra,a pie,a pie,18,masculino,soltero,colombia,independiente,no reportada,secundaria,76001000,motocicleta,suzuki,viva 115,2009,azul
2019-02-23,valle,cali (ct),sabado,21:20:00,las acacias e10,urbana,vias publicas,arma de fuego,pasajero motocicleta,conductor motocicleta,42,femenino,union libre,colombia,empleado particular,no reportada,secundaria,76001000,motocicleta,yamaha,yw125 (bws 125),2018,rojo
2019-02-23,valle,cali (ct),sabado,09:40:00,jose maria cordoba e11,urbana,,sin empleo de armas,a pie,a pie,24,femenino,union libre,colombia,estudiante,no reportada,superior,76001000,motocicleta,suzuki,best 125,2013,negro
2019-02-24,valle,cali (ct),domingo,22:00:00,alto napoles e18,urbana,vias publicas,no reportado,a pie,a pie,30,masculino,soltero,colombia,empleado particular,no reportada,secundaria,76001000,motocicleta,suzuki,ax 100,1997,azul
2019-02-24,valle,cali (ct),domingo,21:30:00,lili e17,urbana,vias publicas,arma blanca / cortopunzante,pasajero motocicleta,conductor motocicleta,21,masculino,soltero,colombia,empleado particular,no reportada,secundaria,76001000,motocicleta,suzuki,best 125,2017,rojo
2019-02-24,valle,cali (ct),domingo,06:00:00,alto napoles e18,urbana,vias publicas,llave maestra,a pie,a pie,29,masculino,union libre,colombia,empleado particular,no reportada,secundaria,76001000,motocicleta,tvs,tvs sport,2018,negro
2019-02-24,valle,cali (ct),domingo,01:00:00,aguacatal e1,urbana,vias publicas,arma de fuego,a pie,conductor motocicleta,37,femenino,soltero,colombia,empleado particular,no reportada,secundaria,76001000,motocicleta,yamaha,at115,2018,negro
2019-02-24,valle,cali (ct),domingo,06:20:00,pizamos ii e21,urbana,vias publicas,llave maestra,a pie,a pie,38,masculino,soltero,colombia,desempleado,,secundaria,76001000,motocicleta,suzuki,viva r 115,2008,negro
2019-02-24,valle,cali (ct),domingo,18:20:00,la base e8,urbana,vias publicas,arma de fuego,pasajero motocicleta,conductor motocicleta,29,femenino,soltero,colombia,empleado particular,,secundaria,76001000,motocicleta,kymco,agility digital 125,2017,gris
2019-02-25,valle,cali (ct),lunes,21:30:00,primavera e11,urbana,vias publicas,arma de fuego,a pie,a pie,36,masculino,soltero,colombia,empleado particular,no reportada,secundaria,76001000,motocicleta,yamaha,yw125xfi,2019,negro
2019-02-25,valle,cali (ct),lunes,12:00:00,terron colorado e1,urbana,vias publicas,arma de fuego,pasajero motocicleta,conductor motocicleta,46,masculino,casado,colombia,empleado particular,,secundaria,76001000,motocicleta,yamaha,,2018,negro y blanco
2019-02-25,valle,cali (ct),lunes,19:15:00,la nueva base e8,urbana,vias publicas,arma de fuego,pasajero motocicleta,conductor motocicleta,47,femenino,union libre,colombia,empleado particular,,secundaria,76001000,motocicleta,yamaha,yw125,2018,negro
2019-02-25,valle,cali (ct),lunes,19:20:00,aguablanca e11,urbana,vias publicas,arma de fuego,a pie,conductor motocicleta,22,masculino,soltero,colombia,empleado particular,no reportada,secundaria,76001000,motocicleta,bajaj,discover 100m,2016,azul
2019-02-25,valle,cali (ct),lunes,11:20:00,vista hermosa e1,urbana,vias publicas,llave maestra,a pie,a pie,25,masculino,union libre,colombia,empleado particular,no reportada,secundaria,76001000,motocicleta,akt,ak100gz,2006,azul
2019-02-25,valle,cali (ct),lunes,09:15:00,primavera e11,urbana,vias publicas,arma blanca / cortopunzante,a pie,a pie,39,femenino,soltero,colombia,empleado particular,,secundaria,76001000,motocicleta,suzuki,viva r 115,2017,negro
2019-02-25,valle,cali (ct),lunes,00:18:00,mariano ramos e16,urbana,vias publicas,arma de fuego,pasajero motocicleta,conductor motocicleta,32,masculino,soltero,colombia,empleado particular,no reportada,secundaria,76001000,motocicleta,yamaha,rx 115,2001,morado cordobes
2019-02-25,valle,cali (ct),lunes,12:46:00,prados del norte e2,urbana,vias publicas,llave maestra,a pie,a pie,31,masculino,union libre,colombia,empleado particular,no reportada,secundaria,76001000,motocicleta,honda,cbf150me,2010,negro
2019-02-26,valle,cali (ct),martes,20:30:00,angel del hogar e7,urbana,semaforo,arma de fuego,a pie,conductor motocicleta,30,masculino,soltero,colombia,empleado particular,,secundaria,76001000,motocicleta,yamaha,xtz125,2017,negro
2019-02-26,valle,cali (ct),martes,20:30:00,ciudadela floralia e6,urbana,vias publicas,arma de fuego,a pie,conductor motocicleta,29,femenino,soltero,colombia,empleado particular,no reportada,tecnico,76001000,motocicleta,suzuki,viva r 115 cool,2017,blanco
2019-02-26,valle,cali (ct),martes,08:00:00,santa elena e10,urbana,bahia,sin empleo de armas,a pie,conductor motocicleta,27,masculino,casado,colombia,desempleado,,tecnico,76001000,motocicleta,akt,,2019,gris platino
2019-02-26,valle,cali (ct),martes,11:30:00,champagnat e19,urbana,vias publicas,arma de fuego,pasajero vehiculo,conductor motocicleta,19,masculino,soltero,colombia,empleado particular,no reportada,tecnico,76001000,motocicleta,yamaha,t115,2017,negro
2019-02-26,valle,cali (ct),martes,15:30:00,el cortijo e20,urbana,vias publicas,sin empleo de armas,a pie,a pie,44,masculino,divorciado,colombia,empleado particular,no reportada,primaria,76001000,motocicleta,bajaj,platino 125 5s,2011,negro
2019-02-26,valle,cali (ct),martes,09:30:00,urbanizacion boyaca e11,urbana,vias publicas,llave maestra,a pie,a pie,56,masculino,casado,colombia,empleado particular,no reportada,secundaria,76001000,motocicleta,suzuki,viva 115,2018,blanco
2019-02-26,valle,cali (ct),martes,21:10:00,el pondaje e13,urbana,,arma de fuego,pasajero motocicleta,conductor motocicleta,37,masculino,soltero,colombia,empleado particular,enfermeria,superior,76001000,motocicleta,yamaha,xtz250,2014,azul
2019-02-26,valle,cali (ct),martes,17:40:00,alirio mora beltran e14,urbana,vias publicas,arma de fuego,a pie,conductor motocicleta,33,masculino,union libre,colombia,comerciante,,secundaria,76001000,motocicleta,yamaha,xtz250,2017,naranja
2019-02-26,valle,cali (ct),martes,15:15:00,los lagos e13,urbana,vias publicas,arma de fuego,a pie,conductor motocicleta,28,masculino,union libre,colombia,empleado particular,no reportada,primaria,76001000,motocicleta,bajaj,discover 150 st,2016,rojo
2019-02-26,valle,cali (ct),martes,11:10:00,,urbana,vias publicas,llave maestra,a pie,a pie,27,masculino,union libre,colombia,empleado particular,no reportada,superior,76001000,motocicleta,bajaj,pulsar,2017,azul
2019-02-27,valle,cali (ct),miercoles,14:00:00,mario correa rengifo e18,urbana,vias publicas,arma blanca / cortopunzante,a pie,a pie,23,masculino,union libre,colombia,empleado particular,no reportada,primaria,76001000,motocicleta,honda,cb 110,2016,negro
2019-02-27,valle,cali (ct),miercoles,23:00:00,nueva tequendama e19,urbana,semaforo,arma de fuego,a pie,conductor motocicleta,42,masculino,union libre,colombia,empleado particular,,secundaria,76001000,motocicleta,yamaha,,2019,azul
2019-02-27,valle,cali (ct),miercoles,05:00:00,prados del norte e2,urbana,vias publicas,contundentes,a pie,conductor motocicleta,22,masculino,soltero,colombia,empleado particular,no reportada,tecnico,76001000,motocicleta,honda,cb 110,2016,gris
2019-02-27,valle,cali (ct),miercoles,13:00:00,junin e9,urbana,semaforo,arma de fuego,pasajero motocicleta,conductor motocicleta,51,femenino,soltero,colombia,empleado particular,no reportada,secundaria,76001000,motocicleta,yamaha,,2017,negro
2019-02-27,valle,cali (ct),miercoles,08:30:00,el vergel e13,urbana,vias publicas,arma de fuego,a pie,conductor motocicleta,47,masculino,union libre,colombia,empleado particular,no reportada,secundaria,76001000,motocicleta,akt,ak125wii,2016,negro
2019-02-27,valle,cali (ct),miercoles,21:40:00,la base e8,urbana,vias publicas,arma de fuego,a pie,a pie,50,masculino,union libre,colombia,empleado particular,,secundaria,76001000,motocicleta,yamaha,xtz250,2019,rojo
2019-02-27,valle,cali (ct),miercoles,23:10:00,cgto la leonera e1,urbana,vias publicas,arma de fuego,a pie,a pie,36,masculino,soltero,,empleado particular,no reportada,superior,76001000,motocicleta,bajaj,pulsar,,gris
2019-02-28,valle,cali (ct),jueves,08:00:00,los comuneros ii e13,urbana,vias publicas,llave maestra,a pie,a pie,41,masculino,union libre,colombia,empleado particular,no reportada,tecnico,76001000,motocicleta,honda,eco deluxe,2008,negro
2019-02-28,valle,cali (ct),jueves,13:00:00,villacolombia e8,urbana,casas de habitacion,llave maestra,a pie,a pie,24,femenino,union libre,colombia,empleado particular,mercadeo y publicidad,tecnico,76001000,motocicleta,akt,ak 100s,2006,azul
2019-02-28,valle,cali (ct),jueves,23:30:00,,urbana,vias publicas,arma de fuego,pasajero motocicleta,conductor motocicleta,23,masculino,soltero,colombia,independiente,no reportada,secundaria,76001000,motocicleta,suzuki,viva r 115 style,2018,violeta
2019-02-28,valle,cali (ct),jueves,11:30:00,la nueva base e8,urbana,vias publicas,arma de fuego,pasajero motocicleta,conductor motocicleta,21,masculino,soltero,colombia,empleado particular,no reportada,no reportado,76001000,motocicleta,yamaha,rx 115,1998,rojo
2019-02-28,valle,cali (ct),jueves,16:20:00,el jardin e11,urbana,vias publicas,llave maestra,a pie,a pie,26,masculino,union libre,colombia,empleado particular,,secundaria,76001000,motocicleta,honda,eco deluxe,2012,negro
2019-02-28,valle,cali (ct),jueves,17:45:00,,urbana,vias publicas,arma de fuego,pasajero motocicleta,conductor motocicleta,29,masculino,union libre,colombia,empleado particular,no reportada,secundaria,76001000,motocicleta,bajaj,boxer ct 100,2019,negro
2019-02-28,valle,cali (ct),jueves,21:15:00,las delicias e4,urbana,vias publicas,arma de fuego,pasajero motocicleta,conductor motocicleta,42,femenino,soltero,colombia,empleado particular,no reportada,secundaria,76001000,motocicleta,yamaha,t115,2016,negro
2019-02-28,valle,cali (ct),jueves,00:20:00,el jardin e11,urbana,vias publicas,arma de fuego,pasajero motocicleta,conductor motocicleta,34,masculino,soltero,colombia,empleado particular,,secundaria,76001000,motocicleta,yamaha,,2019,negro
